Institution,covariate_name,covariate_value,Exposure_variable_name,Exposure_variable_value,Outcome_name,Outcome_value,Exposure_variable_value_average,Exposure_variable_value_std_dev,Exposure_variable_value_calc_average,Exposure_variable_value_calc_std_dev,Average_LOS,EncounterCount,PatientCount,Query_Version,Query_Execution_Date
Site05,Age_Range,[18 - 30],ddimer_range,[0-5],ICU_admission,Admitted_to_ICU,0.00,0.00,0.00,0.00,0.00,0,0,3.1,2020-10-09 10:31:51.003
Site05,Age_Range,[18 - 30],ddimer_range,[0-5],ICU_admission,Not_admitted_to_ICU,0.75,0.40,0.27,0.24,1.00,12,12,3.1,2020-10-09 10:31:51.003
Site05,Age_Range,[18 - 30],ddimer_range,[0-5],ventilation_required,mechanical_ventilation,0.76,0.23,0.11,0.00,3.00,1,1,3.1,2020-10-09 10:31:51.003
Site05,Age_Range,[18 - 30],ddimer_range,[0-5],ventilation_required,no_mechanical_ventilation,0.75,0.42,0.29,0.25,0.00,11,11,3.1,2020-10-09 10:31:51.003
Site05,Age_Range,[18 - 30],ddimer_range,[11-],ICU_admission,Admitted_to_ICU,0.00,0.00,0.00,0.00,0.00,0,0,3.1,2020-10-09 10:31:51.003
Site05,Age_Range,[18 - 30],ddimer_range,[11-],ICU_admission,Not_admitted_to_ICU,0.00,0.00,0.00,0.00,0.00,0,0,3.1,2020-10-09 10:31:51.003
Site05,Age_Range,[18 - 30],ddimer_range,[11-],ventilation_required,mechanical_ventilation,0.00,0.00,0.00,0.00,0.00,0,0,3.1,2020-10-09 10:31:51.003
Site05,Age_Range,[18 - 30],ddimer_range,[11-],ventilation_required,no_mechanical_ventilation,0.00,0.00,0.00,0.00,0.00,0,0,3.1,2020-10-09 10:31:51.003
Site05,Age_Range,[18 - 30],ddimer_range,[6-10],ICU_admission,Admitted_to_ICU,0.00,0.00,0.00,0.00,0.00,0,0,3.1,2020-10-09 10:31:51.003
Site05,Age_Range,[18 - 30],ddimer_range,[6-10],ICU_admission,Not_admitted_to_ICU,0.00,0.00,0.00,0.00,0.00,0,0,3.1,2020-10-09 10:31:51.003
Site05,Age_Range,[18 - 30],ddimer_range,[6-10],ventilation_required,mechanical_ventilation,0.00,0.00,0.00,0.00,0.00,0,0,3.1,2020-10-09 10:31:51.003
Site05,Age_Range,[18 - 30],ddimer_range,[6-10],ventilation_required,no_mechanical_ventilation,0.00,0.00,0.00,0.00,0.00,0,0,3.1,2020-10-09 10:31:51.003
Site05,Age_Range,[18 - 30],ddimer_range,Missing,ICU_admission,Admitted_to_ICU,0.00,0.00,0.00,0.00,0.00,0,0,3.1,2020-10-09 10:31:51.003
Site05,Age_Range,[18 - 30],ddimer_range,Missing,ICU_admission,Not_admitted_to_ICU,0.00,0.00,0.00,0.00,0.00,1,1,3.1,2020-10-09 10:31:51.003
Site05,Age_Range,[18 - 30],ddimer_range,Missing,ventilation_required,mechanical_ventilation,0.00,0.00,0.00,0.00,0.00,0,0,3.1,2020-10-09 10:31:51.003
Site05,Age_Range,[18 - 30],ddimer_range,Missing,ventilation_required,no_mechanical_ventilation,0.00,0.00,0.00,0.00,0.00,1,1,3.1,2020-10-09 10:31:51.003
Site05,Age_Range,[31 - 40],ddimer_range,[0-5],ICU_admission,Admitted_to_ICU,1.10,0.02,1.10,0.02,0.00,2,2,3.1,2020-10-09 10:31:51.003
Site05,Age_Range,[31 - 40],ddimer_range,[0-5],ICU_admission,Not_admitted_to_ICU,0.72,0.47,0.44,0.73,2.00,19,19,3.1,2020-10-09 10:31:51.003
Site05,Age_Range,[31 - 40],ddimer_range,[0-5],ventilation_required,mechanical_ventilation,0.00,0.00,0.00,0.00,0.00,0,0,3.1,2020-10-09 10:31:51.003
Site05,Age_Range,[31 - 40],ddimer_range,[0-5],ventilation_required,no_mechanical_ventilation,0.74,0.46,0.48,0.72,2.00,21,21,3.1,2020-10-09 10:31:51.003
Site05,Age_Range,[31 - 40],ddimer_range,[11-],ICU_admission,Admitted_to_ICU,0.00,0.00,0.00,0.00,0.00,0,0,3.1,2020-10-09 10:31:51.003
Site05,Age_Range,[31 - 40],ddimer_range,[11-],ICU_admission,Not_admitted_to_ICU,20.00,0.00,3.86,0.00,5.00,1,1,3.1,2020-10-09 10:31:51.003
Site05,Age_Range,[31 - 40],ddimer_range,[11-],ventilation_required,mechanical_ventilation,0.00,0.00,0.00,0.00,0.00,0,0,3.1,2020-10-09 10:31:51.003
Site05,Age_Range,[31 - 40],ddimer_range,[11-],ventilation_required,no_mechanical_ventilation,20.00,0.00,3.86,0.00,5.00,1,1,3.1,2020-10-09 10:31:51.003
Site05,Age_Range,[31 - 40],ddimer_range,[6-10],ICU_admission,Admitted_to_ICU,0.00,0.00,0.00,0.00,0.00,0,0,3.1,2020-10-09 10:31:51.003
Site05,Age_Range,[31 - 40],ddimer_range,[6-10],ICU_admission,Not_admitted_to_ICU,0.00,0.00,0.00,0.00,0.00,0,0,3.1,2020-10-09 10:31:51.003
Site05,Age_Range,[31 - 40],ddimer_range,[6-10],ventilation_required,mechanical_ventilation,0.00,0.00,0.00,0.00,0.00,0,0,3.1,2020-10-09 10:31:51.003
Site05,Age_Range,[31 - 40],ddimer_range,[6-10],ventilation_required,no_mechanical_ventilation,0.00,0.00,0.00,0.00,0.00,0,0,3.1,2020-10-09 10:31:51.003
Site05,Age_Range,[31 - 40],ddimer_range,Missing,ICU_admission,Admitted_to_ICU,0.00,0.00,0.00,0.00,0.00,0,0,3.1,2020-10-09 10:31:51.003
Site05,Age_Range,[31 - 40],ddimer_range,Missing,ICU_admission,Not_admitted_to_ICU,0.00,0.00,0.00,0.00,0.00,5,5,3.1,2020-10-09 10:31:51.003
Site05,Age_Range,[31 - 40],ddimer_range,Missing,ventilation_required,mechanical_ventilation,0.00,0.00,0.00,0.00,0.00,0,0,3.1,2020-10-09 10:31:51.003
Site05,Age_Range,[31 - 40],ddimer_range,Missing,ventilation_required,no_mechanical_ventilation,0.00,0.00,0.00,0.00,0.00,5,5,3.1,2020-10-09 10:31:51.003
Site05,Age_Range,[41 - 50],ddimer_range,[0-5],ICU_admission,Admitted_to_ICU,0.58,0.46,0.38,0.55,1.00,3,3,3.1,2020-10-09 10:31:51.003
Site05,Age_Range,[41 - 50],ddimer_range,[0-5],ICU_admission,Not_admitted_to_ICU,0.85,0.77,0.34,0.39,3.00,33,33,3.1,2020-10-09 10:31:51.003
Site05,Age_Range,[41 - 50],ddimer_range,[0-5],ventilation_required,mechanical_ventilation,1.96,1.80,0.98,0.24,10.00,3,3,3.1,2020-10-09 10:31:51.003
Site05,Age_Range,[41 - 50],ddimer_range,[0-5],ventilation_required,no_mechanical_ventilation,0.70,0.39,0.28,0.35,2.00,33,33,3.1,2020-10-09 10:31:51.003
Site05,Age_Range,[41 - 50],ddimer_range,[11-],ICU_admission,Admitted_to_ICU,0.00,0.00,0.00,0.00,0.00,0,0,3.1,2020-10-09 10:31:51.003
Site05,Age_Range,[41 - 50],ddimer_range,[11-],ICU_admission,Not_admitted_to_ICU,20.00,0.00,1.22,0.00,16.00,1,1,3.1,2020-10-09 10:31:51.003
Site05,Age_Range,[41 - 50],ddimer_range,[11-],ventilation_required,mechanical_ventilation,20.00,0.00,1.22,0.00,16.00,1,1,3.1,2020-10-09 10:31:51.003
Site05,Age_Range,[41 - 50],ddimer_range,[11-],ventilation_required,no_mechanical_ventilation,0.00,0.00,0.00,0.00,0.00,0,0,3.1,2020-10-09 10:31:51.003
Site05,Age_Range,[41 - 50],ddimer_range,[6-10],ICU_admission,Admitted_to_ICU,0.00,0.00,0.00,0.00,0.00,0,0,3.1,2020-10-09 10:31:51.003
Site05,Age_Range,[41 - 50],ddimer_range,[6-10],ICU_admission,Not_admitted_to_ICU,5.66,0.51,3.11,3.10,3.00,2,2,3.1,2020-10-09 10:31:51.003
Site05,Age_Range,[41 - 50],ddimer_range,[6-10],ventilation_required,mechanical_ventilation,6.02,0.00,0.91,0.00,6.00,1,1,3.1,2020-10-09 10:31:51.003
Site05,Age_Range,[41 - 50],ddimer_range,[6-10],ventilation_required,no_mechanical_ventilation,5.30,0.00,5.30,0.00,0.00,1,1,3.1,2020-10-09 10:31:51.003
Site05,Age_Range,[41 - 50],ddimer_range,Missing,ICU_admission,Admitted_to_ICU,0.00,0.00,0.00,0.00,0.00,0,0,3.1,2020-10-09 10:31:51.003
Site05,Age_Range,[41 - 50],ddimer_range,Missing,ICU_admission,Not_admitted_to_ICU,0.00,0.00,0.00,0.00,0.00,3,3,3.1,2020-10-09 10:31:51.003
Site05,Age_Range,[41 - 50],ddimer_range,Missing,ventilation_required,mechanical_ventilation,0.00,0.00,0.00,0.00,0.00,0,0,3.1,2020-10-09 10:31:51.003
Site05,Age_Range,[41 - 50],ddimer_range,Missing,ventilation_required,no_mechanical_ventilation,0.00,0.00,0.00,0.00,0.00,3,3,3.1,2020-10-09 10:31:51.003
Site05,Age_Range,[51 - 60],ddimer_range,[0-5],ICU_admission,Admitted_to_ICU,0.63,0.64,0.42,0.75,1.00,4,4,3.1,2020-10-09 10:31:51.003
Site05,Age_Range,[51 - 60],ddimer_range,[0-5],ICU_admission,Not_admitted_to_ICU,1.31,1.18,0.56,0.83,4.00,30,30,3.1,2020-10-09 10:31:51.003
Site05,Age_Range,[51 - 60],ddimer_range,[0-5],ventilation_required,mechanical_ventilation,1.40,1.16,1.03,1.12,5.00,6,6,3.1,2020-10-09 10:31:51.003
Site05,Age_Range,[51 - 60],ddimer_range,[0-5],ventilation_required,no_mechanical_ventilation,1.22,1.16,0.44,0.70,3.00,28,28,3.1,2020-10-09 10:31:51.003
Site05,Age_Range,[51 - 60],ddimer_range,[11-],ICU_admission,Admitted_to_ICU,0.00,0.00,0.00,0.00,0.00,0,0,3.1,2020-10-09 10:31:51.003
Site05,Age_Range,[51 - 60],ddimer_range,[11-],ICU_admission,Not_admitted_to_ICU,15.40,1.73,2.10,0.69,7.00,2,2,3.1,2020-10-09 10:31:51.003
Site05,Age_Range,[51 - 60],ddimer_range,[11-],ventilation_required,mechanical_ventilation,14.18,0.00,2.59,0.00,5.00,1,1,3.1,2020-10-09 10:31:51.003
Site05,Age_Range,[51 - 60],ddimer_range,[11-],ventilation_required,no_mechanical_ventilation,16.62,0.00,1.61,0.00,9.00,1,1,3.1,2020-10-09 10:31:51.003
Site05,Age_Range,[51 - 60],ddimer_range,[6-10],ICU_admission,Admitted_to_ICU,0.00,0.00,0.00,0.00,0.00,0,0,3.1,2020-10-09 10:31:51.003
Site05,Age_Range,[51 - 60],ddimer_range,[6-10],ICU_admission,Not_admitted_to_ICU,5.93,0.65,1.41,1.02,3.00,2,2,3.1,2020-10-09 10:31:51.003
Site05,Age_Range,[51 - 60],ddimer_range,[6-10],ventilation_required,mechanical_ventilation,6.64,0.00,2.59,0.00,5.00,1,1,3.1,2020-10-09 10:31:51.003
Site05,Age_Range,[51 - 60],ddimer_range,[6-10],ventilation_required,no_mechanical_ventilation,5.58,0.31,0.82,0.00,3.00,1,1,3.1,2020-10-09 10:31:51.003
Site05,Age_Range,[51 - 60],ddimer_range,Missing,ICU_admission,Admitted_to_ICU,0.00,0.00,0.00,0.00,0.00,0,0,3.1,2020-10-09 10:31:51.003
Site05,Age_Range,[51 - 60],ddimer_range,Missing,ICU_admission,Not_admitted_to_ICU,0.00,0.00,0.00,0.00,0.00,3,3,3.1,2020-10-09 10:31:51.003
Site05,Age_Range,[51 - 60],ddimer_range,Missing,ventilation_required,mechanical_ventilation,0.00,0.00,0.00,0.00,0.00,0,0,3.1,2020-10-09 10:31:51.003
Site05,Age_Range,[51 - 60],ddimer_range,Missing,ventilation_required,no_mechanical_ventilation,0.00,0.00,0.00,0.00,0.00,3,3,3.1,2020-10-09 10:31:51.003
Site05,Age_Range,[61 - 70],ddimer_range,[0-5],ICU_admission,Admitted_to_ICU,1.31,0.00,1.31,0.00,0.00,1,1,3.1,2020-10-09 10:31:51.003
Site05,Age_Range,[61 - 70],ddimer_range,[0-5],ICU_admission,Not_admitted_to_ICU,1.20,0.86,0.72,1.28,3.00,13,13,3.1,2020-10-09 10:31:51.003
Site05,Age_Range,[61 - 70],ddimer_range,[0-5],ventilation_required,mechanical_ventilation,1.25,0.60,2.83,2.03,4.00,2,2,3.1,2020-10-09 10:31:51.003
Site05,Age_Range,[61 - 70],ddimer_range,[0-5],ventilation_required,no_mechanical_ventilation,1.20,0.89,0.43,0.77,2.00,12,12,3.1,2020-10-09 10:31:51.003
Site05,Age_Range,[61 - 70],ddimer_range,[11-],ICU_admission,Admitted_to_ICU,0.00,0.00,0.00,0.00,0.00,0,0,3.1,2020-10-09 10:31:51.003
Site05,Age_Range,[61 - 70],ddimer_range,[11-],ICU_admission,Not_admitted_to_ICU,20.00,0.00,4.46,0.19,3.00,2,2,3.1,2020-10-09 10:31:51.003
Site05,Age_Range,[61 - 70],ddimer_range,[11-],ventilation_required,mechanical_ventilation,20.00,0.00,4.59,0.00,4.00,1,1,3.1,2020-10-09 10:31:51.003
Site05,Age_Range,[61 - 70],ddimer_range,[11-],ventilation_required,no_mechanical_ventilation,20.00,0.00,4.33,0.00,3.00,1,1,3.1,2020-10-09 10:31:51.003
Site05,Age_Range,[61 - 70],ddimer_range,[6-10],ICU_admission,Admitted_to_ICU,0.00,0.00,0.00,0.00,0.00,0,0,3.1,2020-10-09 10:31:51.003
Site05,Age_Range,[61 - 70],ddimer_range,[6-10],ICU_admission,Not_admitted_to_ICU,6.64,0.73,4.17,3.02,2.00,3,3,3.1,2020-10-09 10:31:51.003
Site05,Age_Range,[61 - 70],ddimer_range,[6-10],ventilation_required,mechanical_ventilation,5.80,0.00,1.07,0.00,5.00,1,1,3.1,2020-10-09 10:31:51.003
Site05,Age_Range,[61 - 70],ddimer_range,[6-10],ventilation_required,no_mechanical_ventilation,7.06,0.06,5.71,1.96,1.00,2,2,3.1,2020-10-09 10:31:51.003
Site05,Age_Range,[61 - 70],ddimer_range,Missing,ICU_admission,Admitted_to_ICU,0.00,0.00,0.00,0.00,0.00,2,2,3.1,2020-10-09 10:31:51.003
Site05,Age_Range,[61 - 70],ddimer_range,Missing,ICU_admission,Not_admitted_to_ICU,0.00,0.00,0.00,0.00,0.00,4,4,3.1,2020-10-09 10:31:51.003
Site05,Age_Range,[61 - 70],ddimer_range,Missing,ventilation_required,mechanical_ventilation,0.00,0.00,0.00,0.00,0.00,0,0,3.1,2020-10-09 10:31:51.003
Site05,Age_Range,[61 - 70],ddimer_range,Missing,ventilation_required,no_mechanical_ventilation,0.00,0.00,0.00,0.00,0.00,6,6,3.1,2020-10-09 10:31:51.003
Site05,Age_Range,[71 - 80],ddimer_range,[0-5],ICU_admission,Admitted_to_ICU,0.00,0.00,0.00,0.00,0.00,0,0,3.1,2020-10-09 10:31:51.003
Site05,Age_Range,[71 - 80],ddimer_range,[0-5],ICU_admission,Not_admitted_to_ICU,1.67,1.18,0.63,1.14,6.00,4,4,3.1,2020-10-09 10:31:51.003
Site05,Age_Range,[71 - 80],ddimer_range,[0-5],ventilation_required,mechanical_ventilation,1.39,0.00,0.91,0.00,14.00,1,1,3.1,2020-10-09 10:31:51.003
Site05,Age_Range,[71 - 80],ddimer_range,[0-5],ventilation_required,no_mechanical_ventilation,1.71,1.25,0.60,1.21,5.00,4,4,3.1,2020-10-09 10:31:51.003
Site05,Age_Range,[71 - 80],ddimer_range,[11-],ICU_admission,Admitted_to_ICU,0.00,0.00,0.00,0.00,0.00,0,0,3.1,2020-10-09 10:31:51.003
Site05,Age_Range,[71 - 80],ddimer_range,[11-],ICU_admission,Not_admitted_to_ICU,14.07,0.00,0.91,0.00,14.00,1,1,3.1,2020-10-09 10:31:51.003
Site05,Age_Range,[71 - 80],ddimer_range,[11-],ventilation_required,mechanical_ventilation,14.07,0.00,0.91,0.00,14.00,1,1,3.1,2020-10-09 10:31:51.003
Site05,Age_Range,[71 - 80],ddimer_range,[11-],ventilation_required,no_mechanical_ventilation,0.00,0.00,0.00,0.00,0.00,0,0,3.1,2020-10-09 10:31:51.003
Site05,Age_Range,[71 - 80],ddimer_range,[6-10],ICU_admission,Admitted_to_ICU,0.00,0.00,0.00,0.00,0.00,0,0,3.1,2020-10-09 10:31:51.003
Site05,Age_Range,[71 - 80],ddimer_range,[6-10],ICU_admission,Not_admitted_to_ICU,0.00,0.00,0.00,0.00,0.00,0,0,3.1,2020-10-09 10:31:51.003
Site05,Age_Range,[71 - 80],ddimer_range,[6-10],ventilation_required,mechanical_ventilation,0.00,0.00,0.00,0.00,0.00,0,0,3.1,2020-10-09 10:31:51.003
Site05,Age_Range,[71 - 80],ddimer_range,[6-10],ventilation_required,no_mechanical_ventilation,0.00,0.00,0.00,0.00,0.00,0,0,3.1,2020-10-09 10:31:51.003
Site05,Age_Range,[71 - 80],ddimer_range,Missing,ICU_admission,Admitted_to_ICU,0.00,0.00,0.00,0.00,0.00,1,1,3.1,2020-10-09 10:31:51.003
Site05,Age_Range,[71 - 80],ddimer_range,Missing,ICU_admission,Not_admitted_to_ICU,0.00,0.00,0.00,0.00,0.00,0,0,3.1,2020-10-09 10:31:51.003
Site05,Age_Range,[71 - 80],ddimer_range,Missing,ventilation_required,mechanical_ventilation,0.00,0.00,0.00,0.00,0.00,0,0,3.1,2020-10-09 10:31:51.003
Site05,Age_Range,[71 - 80],ddimer_range,Missing,ventilation_required,no_mechanical_ventilation,0.00,0.00,0.00,0.00,0.00,1,1,3.1,2020-10-09 10:31:51.003
Site05,Age_Range,[81 - ],ddimer_range,[0-5],ICU_admission,Admitted_to_ICU,0.00,0.00,0.00,0.00,0.00,0,0,3.1,2020-10-09 10:31:51.003
Site05,Age_Range,[81 - ],ddimer_range,[0-5],ICU_admission,Not_admitted_to_ICU,2.45,0.84,0.28,0.09,5.00,3,3,3.1,2020-10-09 10:31:51.003
Site05,Age_Range,[81 - ],ddimer_range,[0-5],ventilation_required,mechanical_ventilation,0.00,0.00,0.00,0.00,0.00,0,0,3.1,2020-10-09 10:31:51.003
Site05,Age_Range,[81 - ],ddimer_range,[0-5],ventilation_required,no_mechanical_ventilation,2.45,0.84,0.28,0.09,5.00,3,3,3.1,2020-10-09 10:31:51.003
Site05,Age_Range,[81 - ],ddimer_range,[11-],ICU_admission,Admitted_to_ICU,0.00,0.00,0.00,0.00,0.00,0,0,3.1,2020-10-09 10:31:51.003
Site05,Age_Range,[81 - ],ddimer_range,[11-],ICU_admission,Not_admitted_to_ICU,0.00,0.00,0.00,0.00,0.00,0,0,3.1,2020-10-09 10:31:51.003
Site05,Age_Range,[81 - ],ddimer_range,[11-],ventilation_required,mechanical_ventilation,0.00,0.00,0.00,0.00,0.00,0,0,3.1,2020-10-09 10:31:51.003
Site05,Age_Range,[81 - ],ddimer_range,[11-],ventilation_required,no_mechanical_ventilation,0.00,0.00,0.00,0.00,0.00,0,0,3.1,2020-10-09 10:31:51.003
Site05,Age_Range,[81 - ],ddimer_range,[6-10],ICU_admission,Admitted_to_ICU,0.00,0.00,0.00,0.00,0.00,0,0,3.1,2020-10-09 10:31:51.003
Site05,Age_Range,[81 - ],ddimer_range,[6-10],ICU_admission,Not_admitted_to_ICU,5.10,0.00,0.31,0.00,8.00,1,1,3.1,2020-10-09 10:31:51.003
Site05,Age_Range,[81 - ],ddimer_range,[6-10],ventilation_required,mechanical_ventilation,0.00,0.00,0.00,0.00,0.00,0,0,3.1,2020-10-09 10:31:51.003
Site05,Age_Range,[81 - ],ddimer_range,[6-10],ventilation_required,no_mechanical_ventilation,5.10,0.00,0.31,0.00,8.00,1,1,3.1,2020-10-09 10:31:51.003
Site05,Age_Range,[81 - ],ddimer_range,Missing,ICU_admission,Admitted_to_ICU,0.00,0.00,0.00,0.00,0.00,0,0,3.1,2020-10-09 10:31:51.003
Site05,Age_Range,[81 - ],ddimer_range,Missing,ICU_admission,Not_admitted_to_ICU,0.00,0.00,0.00,0.00,0.00,3,3,3.1,2020-10-09 10:31:51.003
Site05,Age_Range,[81 - ],ddimer_range,Missing,ventilation_required,mechanical_ventilation,0.00,0.00,0.00,0.00,0.00,0,0,3.1,2020-10-09 10:31:51.003
Site05,Age_Range,[81 - ],ddimer_range,Missing,ventilation_required,no_mechanical_ventilation,0.00,0.00,0.00,0.00,0.00,3,3,3.1,2020-10-09 10:31:51.003
Site05,Age_Range,Unknown,ddimer_range,[0-5],ICU_admission,Admitted_to_ICU,0.00,0.00,0.00,0.00,0.00,0,0,3.1,2020-10-09 10:31:51.003
Site05,Age_Range,Unknown,ddimer_range,[0-5],ICU_admission,Not_admitted_to_ICU,0.00,0.00,0.00,0.00,0.00,0,0,3.1,2020-10-09 10:31:51.003
Site05,Age_Range,Unknown,ddimer_range,[0-5],ventilation_required,mechanical_ventilation,0.00,0.00,0.00,0.00,0.00,0,0,3.1,2020-10-09 10:31:51.003
Site05,Age_Range,Unknown,ddimer_range,[0-5],ventilation_required,no_mechanical_ventilation,0.00,0.00,0.00,0.00,0.00,0,0,3.1,2020-10-09 10:31:51.003
Site05,Age_Range,Unknown,ddimer_range,[11-],ICU_admission,Admitted_to_ICU,0.00,0.00,0.00,0.00,0.00,0,0,3.1,2020-10-09 10:31:51.003
Site05,Age_Range,Unknown,ddimer_range,[11-],ICU_admission,Not_admitted_to_ICU,0.00,0.00,0.00,0.00,0.00,0,0,3.1,2020-10-09 10:31:51.003
Site05,Age_Range,Unknown,ddimer_range,[11-],ventilation_required,mechanical_ventilation,0.00,0.00,0.00,0.00,0.00,0,0,3.1,2020-10-09 10:31:51.003
Site05,Age_Range,Unknown,ddimer_range,[11-],ventilation_required,no_mechanical_ventilation,0.00,0.00,0.00,0.00,0.00,0,0,3.1,2020-10-09 10:31:51.003
Site05,Age_Range,Unknown,ddimer_range,[6-10],ICU_admission,Admitted_to_ICU,0.00,0.00,0.00,0.00,0.00,0,0,3.1,2020-10-09 10:31:51.003
Site05,Age_Range,Unknown,ddimer_range,[6-10],ICU_admission,Not_admitted_to_ICU,0.00,0.00,0.00,0.00,0.00,0,0,3.1,2020-10-09 10:31:51.003
Site05,Age_Range,Unknown,ddimer_range,[6-10],ventilation_required,mechanical_ventilation,0.00,0.00,0.00,0.00,0.00,0,0,3.1,2020-10-09 10:31:51.003
Site05,Age_Range,Unknown,ddimer_range,[6-10],ventilation_required,no_mechanical_ventilation,0.00,0.00,0.00,0.00,0.00,0,0,3.1,2020-10-09 10:31:51.003
Site05,Age_Range,Unknown,ddimer_range,Missing,ICU_admission,Admitted_to_ICU,0.00,0.00,0.00,0.00,0.00,0,0,3.1,2020-10-09 10:31:51.003
Site05,Age_Range,Unknown,ddimer_range,Missing,ICU_admission,Not_admitted_to_ICU,0.00,0.00,0.00,0.00,0.00,0,0,3.1,2020-10-09 10:31:51.003
Site05,Age_Range,Unknown,ddimer_range,Missing,ventilation_required,mechanical_ventilation,0.00,0.00,0.00,0.00,0.00,0,0,3.1,2020-10-09 10:31:51.003
Site05,Age_Range,Unknown,ddimer_range,Missing,ventilation_required,no_mechanical_ventilation,0.00,0.00,0.00,0.00,0.00,0,0,3.1,2020-10-09 10:31:51.003
Site05,Ethnicity,Hispanic or Latino,ddimer_range,[0-5],ICU_admission,Admitted_to_ICU,0.64,0.55,0.41,0.66,1.00,6,6,3.1,2020-10-09 10:31:51.003
Site05,Ethnicity,Hispanic or Latino,ddimer_range,[0-5],ICU_admission,Not_admitted_to_ICU,1.17,1.08,0.50,0.81,3.00,80,80,3.1,2020-10-09 10:31:51.003
Site05,Ethnicity,Hispanic or Latino,ddimer_range,[0-5],ventilation_required,mechanical_ventilation,2.01,1.42,1.97,1.28,7.00,7,7,3.1,2020-10-09 10:31:51.003
Site05,Ethnicity,Hispanic or Latino,ddimer_range,[0-5],ventilation_required,no_mechanical_ventilation,1.06,0.99,0.36,0.59,2.00,80,80,3.1,2020-10-09 10:31:51.003
Site05,Ethnicity,Hispanic or Latino,ddimer_range,[11-],ICU_admission,Admitted_to_ICU,0.00,0.00,0.00,0.00,0.00,0,0,3.1,2020-10-09 10:31:51.003
Site05,Ethnicity,Hispanic or Latino,ddimer_range,[11-],ICU_admission,Not_admitted_to_ICU,17.65,3.22,2.73,1.71,8.00,5,5,3.1,2020-10-09 10:31:51.003
Site05,Ethnicity,Hispanic or Latino,ddimer_range,[11-],ventilation_required,mechanical_ventilation,17.06,3.39,2.33,1.68,9.00,4,4,3.1,2020-10-09 10:31:51.003
Site05,Ethnicity,Hispanic or Latino,ddimer_range,[11-],ventilation_required,no_mechanical_ventilation,20.00,0.00,4.33,0.00,3.00,1,1,3.1,2020-10-09 10:31:51.003
Site05,Ethnicity,Hispanic or Latino,ddimer_range,[6-10],ICU_admission,Admitted_to_ICU,0.00,0.00,0.00,0.00,0.00,0,0,3.1,2020-10-09 10:31:51.003
Site05,Ethnicity,Hispanic or Latino,ddimer_range,[6-10],ICU_admission,Not_admitted_to_ICU,6.02,0.80,2.79,2.51,3.00,7,7,3.1,2020-10-09 10:31:51.003
Site05,Ethnicity,Hispanic or Latino,ddimer_range,[6-10],ventilation_required,mechanical_ventilation,6.22,0.59,1.83,1.07,5.00,2,2,3.1,2020-10-09 10:31:51.003
Site05,Ethnicity,Hispanic or Latino,ddimer_range,[6-10],ventilation_required,no_mechanical_ventilation,5.95,0.89,3.11,2.85,2.00,5,5,3.1,2020-10-09 10:31:51.003
Site05,Ethnicity,Hispanic or Latino,ddimer_range,Missing,ICU_admission,Admitted_to_ICU,0.00,0.00,0.00,0.00,0.00,1,1,3.1,2020-10-09 10:31:51.003
Site05,Ethnicity,Hispanic or Latino,ddimer_range,Missing,ICU_admission,Not_admitted_to_ICU,0.00,0.00,0.00,0.00,0.00,12,12,3.1,2020-10-09 10:31:51.003
Site05,Ethnicity,Hispanic or Latino,ddimer_range,Missing,ventilation_required,mechanical_ventilation,0.00,0.00,0.00,0.00,0.00,0,0,3.1,2020-10-09 10:31:51.003
Site05,Ethnicity,Hispanic or Latino,ddimer_range,Missing,ventilation_required,no_mechanical_ventilation,0.00,0.00,0.00,0.00,0.00,13,13,3.1,2020-10-09 10:31:51.003
Site05,Ethnicity,Not Hispanic or Latino,ddimer_range,[0-5],ICU_admission,Admitted_to_ICU,0.95,0.46,0.95,0.46,0.00,4,4,3.1,2020-10-09 10:31:51.003
Site05,Ethnicity,Not Hispanic or Latino,ddimer_range,[0-5],ICU_admission,Not_admitted_to_ICU,0.98,0.64,0.42,0.65,3.00,34,34,3.1,2020-10-09 10:31:51.003
Site05,Ethnicity,Not Hispanic or Latino,ddimer_range,[0-5],ventilation_required,mechanical_ventilation,0.89,0.64,0.38,0.46,5.00,6,6,3.1,2020-10-09 10:31:51.003
Site05,Ethnicity,Not Hispanic or Latino,ddimer_range,[0-5],ventilation_required,no_mechanical_ventilation,1.00,0.63,0.47,0.69,2.00,32,32,3.1,2020-10-09 10:31:51.003
Site05,Ethnicity,Not Hispanic or Latino,ddimer_range,[11-],ICU_admission,Admitted_to_ICU,0.00,0.00,0.00,0.00,0.00,0,0,3.1,2020-10-09 10:31:51.003
Site05,Ethnicity,Not Hispanic or Latino,ddimer_range,[11-],ICU_admission,Not_admitted_to_ICU,18.31,2.39,2.73,1.59,7.00,2,2,3.1,2020-10-09 10:31:51.003
Site05,Ethnicity,Not Hispanic or Latino,ddimer_range,[11-],ventilation_required,mechanical_ventilation,0.00,0.00,0.00,0.00,0.00,0,0,3.1,2020-10-09 10:31:51.003
Site05,Ethnicity,Not Hispanic or Latino,ddimer_range,[11-],ventilation_required,no_mechanical_ventilation,18.31,2.39,2.73,1.59,7.00,2,2,3.1,2020-10-09 10:31:51.003
Site05,Ethnicity,Not Hispanic or Latino,ddimer_range,[6-10],ICU_admission,Admitted_to_ICU,0.00,0.00,0.00,0.00,0.00,0,0,3.1,2020-10-09 10:31:51.003
Site05,Ethnicity,Not Hispanic or Latino,ddimer_range,[6-10],ICU_admission,Not_admitted_to_ICU,6.02,0.00,0.91,0.00,6.00,1,1,3.1,2020-10-09 10:31:51.003
Site05,Ethnicity,Not Hispanic or Latino,ddimer_range,[6-10],ventilation_required,mechanical_ventilation,6.02,0.00,0.91,0.00,6.00,1,1,3.1,2020-10-09 10:31:51.003
Site05,Ethnicity,Not Hispanic or Latino,ddimer_range,[6-10],ventilation_required,no_mechanical_ventilation,0.00,0.00,0.00,0.00,0.00,0,0,3.1,2020-10-09 10:31:51.003
Site05,Ethnicity,Not Hispanic or Latino,ddimer_range,Missing,ICU_admission,Admitted_to_ICU,0.00,0.00,0.00,0.00,0.00,2,2,3.1,2020-10-09 10:31:51.003
Site05,Ethnicity,Not Hispanic or Latino,ddimer_range,Missing,ICU_admission,Not_admitted_to_ICU,0.00,0.00,0.00,0.00,0.00,7,7,3.1,2020-10-09 10:31:51.003
Site05,Ethnicity,Not Hispanic or Latino,ddimer_range,Missing,ventilation_required,mechanical_ventilation,0.00,0.00,0.00,0.00,0.00,0,0,3.1,2020-10-09 10:31:51.003
Site05,Ethnicity,Not Hispanic or Latino,ddimer_range,Missing,ventilation_required,no_mechanical_ventilation,0.00,0.00,0.00,0.00,0.00,9,9,3.1,2020-10-09 10:31:51.003
Site05,Ethnicity,Unknown,ddimer_range,[0-5],ICU_admission,Admitted_to_ICU,0.00,0.00,0.00,0.00,0.00,0,0,3.1,2020-10-09 10:31:51.003
Site05,Ethnicity,Unknown,ddimer_range,[0-5],ICU_admission,Not_admitted_to_ICU,0.00,0.00,0.00,0.00,0.00,0,0,3.1,2020-10-09 10:31:51.003
Site05,Ethnicity,Unknown,ddimer_range,[0-5],ventilation_required,mechanical_ventilation,0.00,0.00,0.00,0.00,0.00,0,0,3.1,2020-10-09 10:31:51.003
Site05,Ethnicity,Unknown,ddimer_range,[0-5],ventilation_required,no_mechanical_ventilation,0.00,0.00,0.00,0.00,0.00,0,0,3.1,2020-10-09 10:31:51.003
Site05,Ethnicity,Unknown,ddimer_range,[11-],ICU_admission,Admitted_to_ICU,0.00,0.00,0.00,0.00,0.00,0,0,3.1,2020-10-09 10:31:51.003
Site05,Ethnicity,Unknown,ddimer_range,[11-],ICU_admission,Not_admitted_to_ICU,0.00,0.00,0.00,0.00,0.00,0,0,3.1,2020-10-09 10:31:51.003
Site05,Ethnicity,Unknown,ddimer_range,[11-],ventilation_required,mechanical_ventilation,0.00,0.00,0.00,0.00,0.00,0,0,3.1,2020-10-09 10:31:51.003
Site05,Ethnicity,Unknown,ddimer_range,[11-],ventilation_required,no_mechanical_ventilation,0.00,0.00,0.00,0.00,0.00,0,0,3.1,2020-10-09 10:31:51.003
Site05,Ethnicity,Unknown,ddimer_range,[6-10],ICU_admission,Admitted_to_ICU,0.00,0.00,0.00,0.00,0.00,0,0,3.1,2020-10-09 10:31:51.003
Site05,Ethnicity,Unknown,ddimer_range,[6-10],ICU_admission,Not_admitted_to_ICU,0.00,0.00,0.00,0.00,0.00,0,0,3.1,2020-10-09 10:31:51.003
Site05,Ethnicity,Unknown,ddimer_range,[6-10],ventilation_required,mechanical_ventilation,0.00,0.00,0.00,0.00,0.00,0,0,3.1,2020-10-09 10:31:51.003
Site05,Ethnicity,Unknown,ddimer_range,[6-10],ventilation_required,no_mechanical_ventilation,0.00,0.00,0.00,0.00,0.00,0,0,3.1,2020-10-09 10:31:51.003
Site05,Ethnicity,Unknown,ddimer_range,Missing,ICU_admission,Admitted_to_ICU,0.00,0.00,0.00,0.00,0.00,0,0,3.1,2020-10-09 10:31:51.003
Site05,Ethnicity,Unknown,ddimer_range,Missing,ICU_admission,Not_admitted_to_ICU,0.00,0.00,0.00,0.00,0.00,0,0,3.1,2020-10-09 10:31:51.003
Site05,Ethnicity,Unknown,ddimer_range,Missing,ventilation_required,mechanical_ventilation,0.00,0.00,0.00,0.00,0.00,0,0,3.1,2020-10-09 10:31:51.003
Site05,Ethnicity,Unknown,ddimer_range,Missing,ventilation_required,no_mechanical_ventilation,0.00,0.00,0.00,0.00,0.00,0,0,3.1,2020-10-09 10:31:51.003
Site05,Gender,FEMALE,ddimer_range,[0-5],ICU_admission,Admitted_to_ICU,0.40,0.10,0.08,0.05,2.00,2,2,3.1,2020-10-09 10:31:51.003
Site05,Gender,FEMALE,ddimer_range,[0-5],ICU_admission,Not_admitted_to_ICU,1.20,1.04,0.37,0.68,3.00,36,36,3.1,2020-10-09 10:31:51.003
Site05,Gender,FEMALE,ddimer_range,[0-5],ventilation_required,mechanical_ventilation,0.82,0.37,0.53,0.54,5.00,3,3,3.1,2020-10-09 10:31:51.003
Site05,Gender,FEMALE,ddimer_range,[0-5],ventilation_required,no_mechanical_ventilation,1.19,1.06,0.35,0.68,2.00,36,36,3.1,2020-10-09 10:31:51.003
Site05,Gender,FEMALE,ddimer_range,[11-],ICU_admission,Admitted_to_ICU,0.00,0.00,0.00,0.00,0.00,0,0,3.1,2020-10-09 10:31:51.003
Site05,Gender,FEMALE,ddimer_range,[11-],ICU_admission,Not_admitted_to_ICU,14.07,0.00,0.91,0.00,14.00,1,1,3.1,2020-10-09 10:31:51.003
Site05,Gender,FEMALE,ddimer_range,[11-],ventilation_required,mechanical_ventilation,14.07,0.00,0.91,0.00,14.00,1,1,3.1,2020-10-09 10:31:51.003
Site05,Gender,FEMALE,ddimer_range,[11-],ventilation_required,no_mechanical_ventilation,0.00,0.00,0.00,0.00,0.00,0,0,3.1,2020-10-09 10:31:51.003
Site05,Gender,FEMALE,ddimer_range,[6-10],ICU_admission,Admitted_to_ICU,0.00,0.00,0.00,0.00,0.00,0,0,3.1,2020-10-09 10:31:51.003
Site05,Gender,FEMALE,ddimer_range,[6-10],ICU_admission,Not_admitted_to_ICU,5.65,0.25,0.90,0.15,3.00,2,2,3.1,2020-10-09 10:31:51.003
Site05,Gender,FEMALE,ddimer_range,[6-10],ventilation_required,mechanical_ventilation,5.80,0.00,1.07,0.00,5.00,1,1,3.1,2020-10-09 10:31:51.003
Site05,Gender,FEMALE,ddimer_range,[6-10],ventilation_required,no_mechanical_ventilation,5.58,0.31,0.82,0.00,3.00,1,1,3.1,2020-10-09 10:31:51.003
Site05,Gender,FEMALE,ddimer_range,Missing,ICU_admission,Admitted_to_ICU,0.00,0.00,0.00,0.00,0.00,2,2,3.1,2020-10-09 10:31:51.003
Site05,Gender,FEMALE,ddimer_range,Missing,ICU_admission,Not_admitted_to_ICU,0.00,0.00,0.00,0.00,0.00,8,8,3.1,2020-10-09 10:31:51.003
Site05,Gender,FEMALE,ddimer_range,Missing,ventilation_required,mechanical_ventilation,0.00,0.00,0.00,0.00,0.00,0,0,3.1,2020-10-09 10:31:51.003
Site05,Gender,FEMALE,ddimer_range,Missing,ventilation_required,no_mechanical_ventilation,0.00,0.00,0.00,0.00,0.00,10,10,3.1,2020-10-09 10:31:51.003
Site05,Gender,MALE,ddimer_range,[0-5],ICU_admission,Admitted_to_ICU,0.84,0.58,0.73,0.67,0.00,8,8,3.1,2020-10-09 10:31:51.003
Site05,Gender,MALE,ddimer_range,[0-5],ICU_admission,Not_admitted_to_ICU,1.06,0.93,0.53,0.81,3.00,78,78,3.1,2020-10-09 10:31:51.003
Site05,Gender,MALE,ddimer_range,[0-5],ventilation_required,mechanical_ventilation,1.64,1.33,1.38,1.33,6.00,10,10,3.1,2020-10-09 10:31:51.003
Site05,Gender,MALE,ddimer_range,[0-5],ventilation_required,no_mechanical_ventilation,0.95,0.79,0.41,0.58,2.00,76,76,3.1,2020-10-09 10:31:51.003
Site05,Gender,MALE,ddimer_range,[11-],ICU_admission,Admitted_to_ICU,0.00,0.00,0.00,0.00,0.00,0,0,3.1,2020-10-09 10:31:51.003
Site05,Gender,MALE,ddimer_range,[11-],ICU_admission,Not_admitted_to_ICU,18.47,2.50,3.03,1.44,7.00,6,6,3.1,2020-10-09 10:31:51.003
Site05,Gender,MALE,ddimer_range,[11-],ventilation_required,mechanical_ventilation,18.06,3.36,2.80,1.70,8.00,3,3,3.1,2020-10-09 10:31:51.003
Site05,Gender,MALE,ddimer_range,[11-],ventilation_required,no_mechanical_ventilation,18.87,1.95,3.26,1.45,5.00,3,3,3.1,2020-10-09 10:31:51.003
Site05,Gender,MALE,ddimer_range,[6-10],ICU_admission,Admitted_to_ICU,0.00,0.00,0.00,0.00,0.00,0,0,3.1,2020-10-09 10:31:51.003
Site05,Gender,MALE,ddimer_range,[6-10],ICU_admission,Not_admitted_to_ICU,6.20,0.86,3.42,2.63,3.00,6,6,3.1,2020-10-09 10:31:51.003
Site05,Gender,MALE,ddimer_range,[6-10],ventilation_required,mechanical_ventilation,6.33,0.44,1.75,1.18,5.00,2,2,3.1,2020-10-09 10:31:51.003
Site05,Gender,MALE,ddimer_range,[6-10],ventilation_required,no_mechanical_ventilation,6.13,1.08,4.26,2.87,2.00,4,4,3.1,2020-10-09 10:31:51.003
Site05,Gender,MALE,ddimer_range,Missing,ICU_admission,Admitted_to_ICU,0.00,0.00,0.00,0.00,0.00,1,1,3.1,2020-10-09 10:31:51.003
Site05,Gender,MALE,ddimer_range,Missing,ICU_admission,Not_admitted_to_ICU,0.00,0.00,0.00,0.00,0.00,11,11,3.1,2020-10-09 10:31:51.003
Site05,Gender,MALE,ddimer_range,Missing,ventilation_required,mechanical_ventilation,0.00,0.00,0.00,0.00,0.00,0,0,3.1,2020-10-09 10:31:51.003
Site05,Gender,MALE,ddimer_range,Missing,ventilation_required,no_mechanical_ventilation,0.00,0.00,0.00,0.00,0.00,12,12,3.1,2020-10-09 10:31:51.003
Site05,Gender,Unknown,ddimer_range,[0-5],ICU_admission,Admitted_to_ICU,0.00,0.00,0.00,0.00,0.00,0,0,3.1,2020-10-09 10:31:51.003
Site05,Gender,Unknown,ddimer_range,[0-5],ICU_admission,Not_admitted_to_ICU,0.00,0.00,0.00,0.00,0.00,0,0,3.1,2020-10-09 10:31:51.003
Site05,Gender,Unknown,ddimer_range,[0-5],ventilation_required,mechanical_ventilation,0.00,0.00,0.00,0.00,0.00,0,0,3.1,2020-10-09 10:31:51.003
Site05,Gender,Unknown,ddimer_range,[0-5],ventilation_required,no_mechanical_ventilation,0.00,0.00,0.00,0.00,0.00,0,0,3.1,2020-10-09 10:31:51.003
Site05,Gender,Unknown,ddimer_range,[11-],ICU_admission,Admitted_to_ICU,0.00,0.00,0.00,0.00,0.00,0,0,3.1,2020-10-09 10:31:51.003
Site05,Gender,Unknown,ddimer_range,[11-],ICU_admission,Not_admitted_to_ICU,0.00,0.00,0.00,0.00,0.00,0,0,3.1,2020-10-09 10:31:51.003
Site05,Gender,Unknown,ddimer_range,[11-],ventilation_required,mechanical_ventilation,0.00,0.00,0.00,0.00,0.00,0,0,3.1,2020-10-09 10:31:51.003
Site05,Gender,Unknown,ddimer_range,[11-],ventilation_required,no_mechanical_ventilation,0.00,0.00,0.00,0.00,0.00,0,0,3.1,2020-10-09 10:31:51.003
Site05,Gender,Unknown,ddimer_range,[6-10],ICU_admission,Admitted_to_ICU,0.00,0.00,0.00,0.00,0.00,0,0,3.1,2020-10-09 10:31:51.003
Site05,Gender,Unknown,ddimer_range,[6-10],ICU_admission,Not_admitted_to_ICU,0.00,0.00,0.00,0.00,0.00,0,0,3.1,2020-10-09 10:31:51.003
Site05,Gender,Unknown,ddimer_range,[6-10],ventilation_required,mechanical_ventilation,0.00,0.00,0.00,0.00,0.00,0,0,3.1,2020-10-09 10:31:51.003
Site05,Gender,Unknown,ddimer_range,[6-10],ventilation_required,no_mechanical_ventilation,0.00,0.00,0.00,0.00,0.00,0,0,3.1,2020-10-09 10:31:51.003
Site05,Gender,Unknown,ddimer_range,Missing,ICU_admission,Admitted_to_ICU,0.00,0.00,0.00,0.00,0.00,0,0,3.1,2020-10-09 10:31:51.003
Site05,Gender,Unknown,ddimer_range,Missing,ICU_admission,Not_admitted_to_ICU,0.00,0.00,0.00,0.00,0.00,0,0,3.1,2020-10-09 10:31:51.003
Site05,Gender,Unknown,ddimer_range,Missing,ventilation_required,mechanical_ventilation,0.00,0.00,0.00,0.00,0.00,0,0,3.1,2020-10-09 10:31:51.003
Site05,Gender,Unknown,ddimer_range,Missing,ventilation_required,no_mechanical_ventilation,0.00,0.00,0.00,0.00,0.00,0,0,3.1,2020-10-09 10:31:51.003
Site05,Race,American Indian or Alaska Native,ddimer_range,[0-5],ICU_admission,Admitted_to_ICU,0.00,0.00,0.00,0.00,0.00,0,0,3.1,2020-10-09 10:31:51.003
Site05,Race,American Indian or Alaska Native,ddimer_range,[0-5],ICU_admission,Not_admitted_to_ICU,0.00,0.00,0.00,0.00,0.00,0,0,3.1,2020-10-09 10:31:51.003
Site05,Race,American Indian or Alaska Native,ddimer_range,[0-5],ventilation_required,mechanical_ventilation,0.00,0.00,0.00,0.00,0.00,0,0,3.1,2020-10-09 10:31:51.003
Site05,Race,American Indian or Alaska Native,ddimer_range,[0-5],ventilation_required,no_mechanical_ventilation,0.00,0.00,0.00,0.00,0.00,0,0,3.1,2020-10-09 10:31:51.003
Site05,Race,American Indian or Alaska Native,ddimer_range,[11-],ICU_admission,Admitted_to_ICU,0.00,0.00,0.00,0.00,0.00,0,0,3.1,2020-10-09 10:31:51.003
Site05,Race,American Indian or Alaska Native,ddimer_range,[11-],ICU_admission,Not_admitted_to_ICU,0.00,0.00,0.00,0.00,0.00,0,0,3.1,2020-10-09 10:31:51.003
Site05,Race,American Indian or Alaska Native,ddimer_range,[11-],ventilation_required,mechanical_ventilation,0.00,0.00,0.00,0.00,0.00,0,0,3.1,2020-10-09 10:31:51.003
Site05,Race,American Indian or Alaska Native,ddimer_range,[11-],ventilation_required,no_mechanical_ventilation,0.00,0.00,0.00,0.00,0.00,0,0,3.1,2020-10-09 10:31:51.003
Site05,Race,American Indian or Alaska Native,ddimer_range,[6-10],ICU_admission,Admitted_to_ICU,0.00,0.00,0.00,0.00,0.00,0,0,3.1,2020-10-09 10:31:51.003
Site05,Race,American Indian or Alaska Native,ddimer_range,[6-10],ICU_admission,Not_admitted_to_ICU,0.00,0.00,0.00,0.00,0.00,0,0,3.1,2020-10-09 10:31:51.003
Site05,Race,American Indian or Alaska Native,ddimer_range,[6-10],ventilation_required,mechanical_ventilation,0.00,0.00,0.00,0.00,0.00,0,0,3.1,2020-10-09 10:31:51.003
Site05,Race,American Indian or Alaska Native,ddimer_range,[6-10],ventilation_required,no_mechanical_ventilation,0.00,0.00,0.00,0.00,0.00,0,0,3.1,2020-10-09 10:31:51.003
Site05,Race,American Indian or Alaska Native,ddimer_range,Missing,ICU_admission,Admitted_to_ICU,0.00,0.00,0.00,0.00,0.00,0,0,3.1,2020-10-09 10:31:51.003
Site05,Race,American Indian or Alaska Native,ddimer_range,Missing,ICU_admission,Not_admitted_to_ICU,0.00,0.00,0.00,0.00,0.00,0,0,3.1,2020-10-09 10:31:51.003
Site05,Race,American Indian or Alaska Native,ddimer_range,Missing,ventilation_required,mechanical_ventilation,0.00,0.00,0.00,0.00,0.00,0,0,3.1,2020-10-09 10:31:51.003
Site05,Race,American Indian or Alaska Native,ddimer_range,Missing,ventilation_required,no_mechanical_ventilation,0.00,0.00,0.00,0.00,0.00,0,0,3.1,2020-10-09 10:31:51.003
Site05,Race,Asian,ddimer_range,[0-5],ICU_admission,Admitted_to_ICU,0.70,0.60,0.70,0.60,0.00,2,2,3.1,2020-10-09 10:31:51.003
Site05,Race,Asian,ddimer_range,[0-5],ICU_admission,Not_admitted_to_ICU,1.08,0.73,0.53,0.88,4.00,8,8,3.1,2020-10-09 10:31:51.003
Site05,Race,Asian,ddimer_range,[0-5],ventilation_required,mechanical_ventilation,0.00,0.00,0.00,0.00,0.00,0,0,3.1,2020-10-09 10:31:51.003
Site05,Race,Asian,ddimer_range,[0-5],ventilation_required,no_mechanical_ventilation,1.03,0.71,0.55,0.84,3.00,10,10,3.1,2020-10-09 10:31:51.003
Site05,Race,Asian,ddimer_range,[11-],ICU_admission,Admitted_to_ICU,0.00,0.00,0.00,0.00,0.00,0,0,3.1,2020-10-09 10:31:51.003
Site05,Race,Asian,ddimer_range,[11-],ICU_admission,Not_admitted_to_ICU,0.00,0.00,0.00,0.00,0.00,0,0,3.1,2020-10-09 10:31:51.003
Site05,Race,Asian,ddimer_range,[11-],ventilation_required,mechanical_ventilation,0.00,0.00,0.00,0.00,0.00,0,0,3.1,2020-10-09 10:31:51.003
Site05,Race,Asian,ddimer_range,[11-],ventilation_required,no_mechanical_ventilation,0.00,0.00,0.00,0.00,0.00,0,0,3.1,2020-10-09 10:31:51.003
Site05,Race,Asian,ddimer_range,[6-10],ICU_admission,Admitted_to_ICU,0.00,0.00,0.00,0.00,0.00,0,0,3.1,2020-10-09 10:31:51.003
Site05,Race,Asian,ddimer_range,[6-10],ICU_admission,Not_admitted_to_ICU,0.00,0.00,0.00,0.00,0.00,0,0,3.1,2020-10-09 10:31:51.003
Site05,Race,Asian,ddimer_range,[6-10],ventilation_required,mechanical_ventilation,0.00,0.00,0.00,0.00,0.00,0,0,3.1,2020-10-09 10:31:51.003
Site05,Race,Asian,ddimer_range,[6-10],ventilation_required,no_mechanical_ventilation,0.00,0.00,0.00,0.00,0.00,0,0,3.1,2020-10-09 10:31:51.003
Site05,Race,Asian,ddimer_range,Missing,ICU_admission,Admitted_to_ICU,0.00,0.00,0.00,0.00,0.00,0,0,3.1,2020-10-09 10:31:51.003
Site05,Race,Asian,ddimer_range,Missing,ICU_admission,Not_admitted_to_ICU,0.00,0.00,0.00,0.00,0.00,4,4,3.1,2020-10-09 10:31:51.003
Site05,Race,Asian,ddimer_range,Missing,ventilation_required,mechanical_ventilation,0.00,0.00,0.00,0.00,0.00,0,0,3.1,2020-10-09 10:31:51.003
Site05,Race,Asian,ddimer_range,Missing,ventilation_required,no_mechanical_ventilation,0.00,0.00,0.00,0.00,0.00,4,4,3.1,2020-10-09 10:31:51.003
Site05,Race,Black or African American,ddimer_range,[0-5],ICU_admission,Admitted_to_ICU,0.00,0.00,0.00,0.00,0.00,0,0,3.1,2020-10-09 10:31:51.003
Site05,Race,Black or African American,ddimer_range,[0-5],ICU_admission,Not_admitted_to_ICU,0.00,0.00,0.00,0.00,0.00,0,0,3.1,2020-10-09 10:31:51.003
Site05,Race,Black or African American,ddimer_range,[0-5],ventilation_required,mechanical_ventilation,0.00,0.00,0.00,0.00,0.00,0,0,3.1,2020-10-09 10:31:51.003
Site05,Race,Black or African American,ddimer_range,[0-5],ventilation_required,no_mechanical_ventilation,0.00,0.00,0.00,0.00,0.00,0,0,3.1,2020-10-09 10:31:51.003
Site05,Race,Black or African American,ddimer_range,[11-],ICU_admission,Admitted_to_ICU,0.00,0.00,0.00,0.00,0.00,0,0,3.1,2020-10-09 10:31:51.003
Site05,Race,Black or African American,ddimer_range,[11-],ICU_admission,Not_admitted_to_ICU,0.00,0.00,0.00,0.00,0.00,0,0,3.1,2020-10-09 10:31:51.003
Site05,Race,Black or African American,ddimer_range,[11-],ventilation_required,mechanical_ventilation,0.00,0.00,0.00,0.00,0.00,0,0,3.1,2020-10-09 10:31:51.003
Site05,Race,Black or African American,ddimer_range,[11-],ventilation_required,no_mechanical_ventilation,0.00,0.00,0.00,0.00,0.00,0,0,3.1,2020-10-09 10:31:51.003
Site05,Race,Black or African American,ddimer_range,[6-10],ICU_admission,Admitted_to_ICU,0.00,0.00,0.00,0.00,0.00,0,0,3.1,2020-10-09 10:31:51.003
Site05,Race,Black or African American,ddimer_range,[6-10],ICU_admission,Not_admitted_to_ICU,0.00,0.00,0.00,0.00,0.00,0,0,3.1,2020-10-09 10:31:51.003
Site05,Race,Black or African American,ddimer_range,[6-10],ventilation_required,mechanical_ventilation,0.00,0.00,0.00,0.00,0.00,0,0,3.1,2020-10-09 10:31:51.003
Site05,Race,Black or African American,ddimer_range,[6-10],ventilation_required,no_mechanical_ventilation,0.00,0.00,0.00,0.00,0.00,0,0,3.1,2020-10-09 10:31:51.003
Site05,Race,Black or African American,ddimer_range,Missing,ICU_admission,Admitted_to_ICU,0.00,0.00,0.00,0.00,0.00,0,0,3.1,2020-10-09 10:31:51.003
Site05,Race,Black or African American,ddimer_range,Missing,ICU_admission,Not_admitted_to_ICU,0.00,0.00,0.00,0.00,0.00,0,0,3.1,2020-10-09 10:31:51.003
Site05,Race,Black or African American,ddimer_range,Missing,ventilation_required,mechanical_ventilation,0.00,0.00,0.00,0.00,0.00,0,0,3.1,2020-10-09 10:31:51.003
Site05,Race,Black or African American,ddimer_range,Missing,ventilation_required,no_mechanical_ventilation,0.00,0.00,0.00,0.00,0.00,0,0,3.1,2020-10-09 10:31:51.003
Site05,Race,Native Hawaiian or Other Pacific Islander,ddimer_range,[0-5],ICU_admission,Admitted_to_ICU,0.00,0.00,0.00,0.00,0.00,0,0,3.1,2020-10-09 10:31:51.003
Site05,Race,Native Hawaiian or Other Pacific Islander,ddimer_range,[0-5],ICU_admission,Not_admitted_to_ICU,0.00,0.00,0.00,0.00,0.00,0,0,3.1,2020-10-09 10:31:51.003
Site05,Race,Native Hawaiian or Other Pacific Islander,ddimer_range,[0-5],ventilation_required,mechanical_ventilation,0.00,0.00,0.00,0.00,0.00,0,0,3.1,2020-10-09 10:31:51.003
Site05,Race,Native Hawaiian or Other Pacific Islander,ddimer_range,[0-5],ventilation_required,no_mechanical_ventilation,0.00,0.00,0.00,0.00,0.00,0,0,3.1,2020-10-09 10:31:51.003
Site05,Race,Native Hawaiian or Other Pacific Islander,ddimer_range,[11-],ICU_admission,Admitted_to_ICU,0.00,0.00,0.00,0.00,0.00,0,0,3.1,2020-10-09 10:31:51.003
Site05,Race,Native Hawaiian or Other Pacific Islander,ddimer_range,[11-],ICU_admission,Not_admitted_to_ICU,0.00,0.00,0.00,0.00,0.00,0,0,3.1,2020-10-09 10:31:51.003
Site05,Race,Native Hawaiian or Other Pacific Islander,ddimer_range,[11-],ventilation_required,mechanical_ventilation,0.00,0.00,0.00,0.00,0.00,0,0,3.1,2020-10-09 10:31:51.003
Site05,Race,Native Hawaiian or Other Pacific Islander,ddimer_range,[11-],ventilation_required,no_mechanical_ventilation,0.00,0.00,0.00,0.00,0.00,0,0,3.1,2020-10-09 10:31:51.003
Site05,Race,Native Hawaiian or Other Pacific Islander,ddimer_range,[6-10],ICU_admission,Admitted_to_ICU,0.00,0.00,0.00,0.00,0.00,0,0,3.1,2020-10-09 10:31:51.003
Site05,Race,Native Hawaiian or Other Pacific Islander,ddimer_range,[6-10],ICU_admission,Not_admitted_to_ICU,0.00,0.00,0.00,0.00,0.00,0,0,3.1,2020-10-09 10:31:51.003
Site05,Race,Native Hawaiian or Other Pacific Islander,ddimer_range,[6-10],ventilation_required,mechanical_ventilation,0.00,0.00,0.00,0.00,0.00,0,0,3.1,2020-10-09 10:31:51.003
Site05,Race,Native Hawaiian or Other Pacific Islander,ddimer_range,[6-10],ventilation_required,no_mechanical_ventilation,0.00,0.00,0.00,0.00,0.00,0,0,3.1,2020-10-09 10:31:51.003
Site05,Race,Native Hawaiian or Other Pacific Islander,ddimer_range,Missing,ICU_admission,Admitted_to_ICU,0.00,0.00,0.00,0.00,0.00,0,0,3.1,2020-10-09 10:31:51.003
Site05,Race,Native Hawaiian or Other Pacific Islander,ddimer_range,Missing,ICU_admission,Not_admitted_to_ICU,0.00,0.00,0.00,0.00,0.00,0,0,3.1,2020-10-09 10:31:51.003
Site05,Race,Native Hawaiian or Other Pacific Islander,ddimer_range,Missing,ventilation_required,mechanical_ventilation,0.00,0.00,0.00,0.00,0.00,0,0,3.1,2020-10-09 10:31:51.003
Site05,Race,Native Hawaiian or Other Pacific Islander,ddimer_range,Missing,ventilation_required,no_mechanical_ventilation,0.00,0.00,0.00,0.00,0.00,0,0,3.1,2020-10-09 10:31:51.003
Site05,Race,Unknown,ddimer_range,[0-5],ICU_admission,Admitted_to_ICU,0.46,0.08,0.12,0.00,1.00,1,1,3.1,2020-10-09 10:31:51.003
Site05,Race,Unknown,ddimer_range,[0-5],ICU_admission,Not_admitted_to_ICU,0.95,0.83,0.43,0.73,3.00,39,39,3.1,2020-10-09 10:31:51.003
Site05,Race,Unknown,ddimer_range,[0-5],ventilation_required,mechanical_ventilation,1.25,1.20,1.07,1.16,3.00,5,5,3.1,2020-10-09 10:31:51.003
Site05,Race,Unknown,ddimer_range,[0-5],ventilation_required,no_mechanical_ventilation,0.88,0.74,0.31,0.56,3.00,35,35,3.1,2020-10-09 10:31:51.003
Site05,Race,Unknown,ddimer_range,[11-],ICU_admission,Admitted_to_ICU,0.00,0.00,0.00,0.00,0.00,0,0,3.1,2020-10-09 10:31:51.003
Site05,Race,Unknown,ddimer_range,[11-],ICU_admission,Not_admitted_to_ICU,17.09,4.12,3.22,0.90,5.00,2,2,3.1,2020-10-09 10:31:51.003
Site05,Race,Unknown,ddimer_range,[11-],ventilation_required,mechanical_ventilation,14.18,0.00,2.59,0.00,5.00,1,1,3.1,2020-10-09 10:31:51.003
Site05,Race,Unknown,ddimer_range,[11-],ventilation_required,no_mechanical_ventilation,20.00,0.00,3.86,0.00,5.00,1,1,3.1,2020-10-09 10:31:51.003
Site05,Race,Unknown,ddimer_range,[6-10],ICU_admission,Admitted_to_ICU,0.00,0.00,0.00,0.00,0.00,0,0,3.1,2020-10-09 10:31:51.003
Site05,Race,Unknown,ddimer_range,[6-10],ICU_admission,Not_admitted_to_ICU,6.27,0.78,3.98,2.76,2.00,4,4,3.1,2020-10-09 10:31:51.003
Site05,Race,Unknown,ddimer_range,[6-10],ventilation_required,mechanical_ventilation,6.33,0.44,1.75,1.18,5.00,2,2,3.1,2020-10-09 10:31:51.003
Site05,Race,Unknown,ddimer_range,[6-10],ventilation_required,no_mechanical_ventilation,6.20,1.27,6.20,1.27,0.00,2,2,3.1,2020-10-09 10:31:51.003
Site05,Race,Unknown,ddimer_range,Missing,ICU_admission,Admitted_to_ICU,0.00,0.00,0.00,0.00,0.00,0,0,3.1,2020-10-09 10:31:51.003
Site05,Race,Unknown,ddimer_range,Missing,ICU_admission,Not_admitted_to_ICU,0.00,0.00,0.00,0.00,0.00,3,3,3.1,2020-10-09 10:31:51.003
Site05,Race,Unknown,ddimer_range,Missing,ventilation_required,mechanical_ventilation,0.00,0.00,0.00,0.00,0.00,0,0,3.1,2020-10-09 10:31:51.003
Site05,Race,Unknown,ddimer_range,Missing,ventilation_required,no_mechanical_ventilation,0.00,0.00,0.00,0.00,0.00,3,3,3.1,2020-10-09 10:31:51.003
Site05,Race,White,ddimer_range,[0-5],ICU_admission,Admitted_to_ICU,0.77,0.58,0.61,0.70,1.00,7,7,3.1,2020-10-09 10:31:51.003
Site05,Race,White,ddimer_range,[0-5],ICU_admission,Not_admitted_to_ICU,1.21,1.06,0.50,0.79,3.00,67,67,3.1,2020-10-09 10:31:51.003
Site05,Race,White,ddimer_range,[0-5],ventilation_required,mechanical_ventilation,1.63,1.27,1.29,1.35,8.00,8,8,3.1,2020-10-09 10:31:51.003
Site05,Race,White,ddimer_range,[0-5],ventilation_required,no_mechanical_ventilation,1.13,1.00,0.41,0.62,2.00,67,67,3.1,2020-10-09 10:31:51.003
Site05,Race,White,ddimer_range,[11-],ICU_admission,Admitted_to_ICU,0.00,0.00,0.00,0.00,0.00,0,0,3.1,2020-10-09 10:31:51.003
Site05,Race,White,ddimer_range,[11-],ICU_admission,Not_admitted_to_ICU,18.14,2.70,2.53,1.78,9.00,5,5,3.1,2020-10-09 10:31:51.003
Site05,Race,White,ddimer_range,[11-],ventilation_required,mechanical_ventilation,18.02,3.42,2.24,2.04,11.00,3,3,3.1,2020-10-09 10:31:51.003
Site05,Race,White,ddimer_range,[11-],ventilation_required,no_mechanical_ventilation,18.31,2.39,2.97,1.92,6.00,2,2,3.1,2020-10-09 10:31:51.003
Site05,Race,White,ddimer_range,[6-10],ICU_admission,Admitted_to_ICU,0.00,0.00,0.00,0.00,0.00,0,0,3.1,2020-10-09 10:31:51.003
Site05,Race,White,ddimer_range,[6-10],ICU_admission,Not_admitted_to_ICU,5.82,0.74,1.47,1.62,4.00,4,4,3.1,2020-10-09 10:31:51.003
Site05,Race,White,ddimer_range,[6-10],ventilation_required,mechanical_ventilation,5.80,0.00,1.07,0.00,5.00,1,1,3.1,2020-10-09 10:31:51.003
Site05,Race,White,ddimer_range,[6-10],ventilation_required,no_mechanical_ventilation,5.82,0.85,1.57,1.86,4.00,3,3,3.1,2020-10-09 10:31:51.003
Site05,Race,White,ddimer_range,Missing,ICU_admission,Admitted_to_ICU,0.00,0.00,0.00,0.00,0.00,3,3,3.1,2020-10-09 10:31:51.003
Site05,Race,White,ddimer_range,Missing,ICU_admission,Not_admitted_to_ICU,0.00,0.00,0.00,0.00,0.00,12,12,3.1,2020-10-09 10:31:51.003
Site05,Race,White,ddimer_range,Missing,ventilation_required,mechanical_ventilation,0.00,0.00,0.00,0.00,0.00,0,0,3.1,2020-10-09 10:31:51.003
Site05,Race,White,ddimer_range,Missing,ventilation_required,no_mechanical_ventilation,0.00,0.00,0.00,0.00,0.00,15,15,3.1,2020-10-09 10:31:51.003